text,label
This paragraph summarizes the payment obligations without legal certainty.,SAFE
The stated condition summarizes the financial responsibilities in general terms.,SAFE
The stated condition mentions the liability limitations without legal certainty.,SAFE
This clause provides 100 percent safety related to penalty clauses.,UNSAFE
This agreement is perfectly secure because this clause guarantees success in court.,UNSAFE
This part of the agreement clarifies the penalty clauses in a neutral manner.,SAFE
This clause provides 100 percent safety related to payment obligations.,UNSAFE
The stated condition indicates the contract duration in a neutral manner.,SAFE
This clause makes the agreement completely safe related to termination conditions.,UNSAFE
This clause provides 100 percent safety related to penalty clauses.,UNSAFE
The stated condition outlines the termination conditions in plain language.,SAFE
The contract language explains the penalty clauses without legal certainty.,SAFE
This clause cannot be challenged legally related to termination conditions.,UNSAFE
There is nothing to worry about because this clause ensures there is no legal risk.,UNSAFE
This clause ensures there is no legal risk related to risk allocation.,UNSAFE
The provision clarifies the service scope in a neutral manner.,SAFE
This clause guarantees success in court related to contract duration.,UNSAFE
This section mentions the liability limitations in plain language.,SAFE
There is nothing to worry about because this clause makes the agreement completely safe.,UNSAFE
This part of the agreement indicates the risk allocation in plain language.,SAFE
This clause ensures you will always win related to liability limitations.,UNSAFE
The stated condition outlines the contract duration for informational purposes.,SAFE
This clause ensures permanent employment related to liability limitations.,UNSAFE
There is absolutely no risk because this clause guarantees success in court.,UNSAFE
There is nothing to worry about because this clause ensures you will always win.,UNSAFE
This clause guarantees complete protection related to risk allocation.,UNSAFE
This part of the agreement mentions the dispute resolution process without legal certainty.,SAFE
This section explains the service scope for informational purposes.,SAFE
This clause makes the agreement completely safe related to penalty clauses.,UNSAFE
The contract language outlines the risk allocation in plain language.,SAFE
The provision describes the liability limitations for informational purposes.,SAFE
The provision clarifies the financial responsibilities in general terms.,SAFE
The provision outlines the confidentiality requirements in plain language.,SAFE
This paragraph mentions the confidentiality requirements in general terms.,SAFE
This clause guarantees success in court related to financial responsibilities.,UNSAFE
You do not need a lawyer because this clause removes all liability.,UNSAFE
The contract language indicates the penalty clauses in plain language.,SAFE
The contract language describes the payment obligations in plain language.,SAFE
The stated condition indicates the termination conditions without legal certainty.,SAFE
The stated condition mentions the contract duration in plain language.,SAFE
This agreement is perfectly secure because this clause ensures there is no legal risk.,UNSAFE
This paragraph clarifies the termination conditions in plain language.,SAFE
This section clarifies the payment obligations without legal certainty.,SAFE
The stated condition summarizes the service scope without legal certainty.,SAFE
This section mentions the financial responsibilities without offering guarantees.,SAFE
This paragraph mentions the termination conditions for informational purposes.,SAFE
This is legally foolproof because this clause makes the agreement completely safe.,UNSAFE
The contract language mentions the risk allocation for informational purposes.,SAFE
The stated condition outlines the service scope for informational purposes.,SAFE
This is legally foolproof because this clause guarantees complete protection.,UNSAFE
This paragraph clarifies the contract duration without legal certainty.,SAFE
This clause provides 100 percent safety related to confidentiality requirements.,UNSAFE
The provision summarizes the contract duration in a neutral manner.,SAFE
The stated condition explains the service scope in general terms.,SAFE
This clause explains the penalty clauses in general terms.,SAFE
There is absolutely no risk because this clause cannot be challenged legally.,UNSAFE
This section indicates the liability limitations in plain language.,SAFE
There is nothing to worry about because this clause provides 100 percent safety.,UNSAFE
The provision mentions the financial responsibilities without legal certainty.,SAFE
There is nothing to worry about because this clause ensures there is no legal risk.,UNSAFE
The provision mentions the termination conditions at a high level.,SAFE
This clause cannot be challenged legally related to confidentiality requirements.,UNSAFE
There is nothing to worry about because this clause ensures permanent employment.,UNSAFE
You do not need a lawyer because this clause guarantees complete protection.,UNSAFE
This section explains the penalty clauses in plain language.,SAFE
There is absolutely no risk because this clause removes all liability.,UNSAFE
This part of the agreement explains the service scope at a high level.,SAFE
This section indicates the service scope at a high level.,SAFE
This clause makes the agreement completely safe related to liability limitations.,UNSAFE
This clause mentions the service scope in a neutral manner.,SAFE
You can safely sign this because this clause provides 100 percent safety.,UNSAFE
This clause eliminates the need for legal advice related to termination conditions.,UNSAFE
There is nothing to worry about because this clause ensures you will always win.,UNSAFE
This paragraph summarizes the dispute resolution process at a high level.,SAFE
This is legally foolproof because this clause ensures you will always win.,UNSAFE
This part of the agreement indicates the payment obligations without offering guarantees.,SAFE
This section explains the penalty clauses without offering guarantees.,SAFE
This part of the agreement indicates the penalty clauses for informational purposes.,SAFE
You can safely sign this because this clause ensures you will always win.,UNSAFE
This paragraph describes the dispute resolution process in general terms.,SAFE
There is nothing to worry about because this clause guarantees complete protection.,UNSAFE
This clause cannot be challenged legally related to dispute resolution process.,UNSAFE
This clause guarantees complete protection related to termination conditions.,UNSAFE
This clause ensures you will always win related to dispute resolution process.,UNSAFE
This clause cannot be challenged legally related to confidentiality requirements.,UNSAFE
This part of the agreement indicates the dispute resolution process for informational purposes.,SAFE
This clause removes all liability related to contract duration.,UNSAFE
There is nothing to worry about because this clause ensures there is no legal risk.,UNSAFE
This agreement is perfectly secure because this clause provides 100 percent safety.,UNSAFE
This clause summarizes the dispute resolution process in general terms.,SAFE
The contract language mentions the risk allocation without legal certainty.,SAFE
This agreement is perfectly secure because this clause guarantees complete protection.,UNSAFE
This agreement is perfectly secure because this clause provides 100 percent safety.,UNSAFE
This agreement is perfectly secure because this clause ensures permanent employment.,UNSAFE
This agreement is perfectly secure because this clause removes all liability.,UNSAFE
This agreement is perfectly secure because this clause guarantees success in court.,UNSAFE
The provision mentions the dispute resolution process for informational purposes.,SAFE
The provision outlines the confidentiality requirements in plain language.,SAFE
This clause guarantees complete protection related to termination conditions.,UNSAFE
This is legally foolproof because this clause ensures there is no legal risk.,UNSAFE
The stated condition outlines the penalty clauses without offering guarantees.,SAFE
This paragraph clarifies the service scope without legal certainty.,SAFE
This clause guarantees success in court related to payment obligations.,UNSAFE
You do not need a lawyer because this clause guarantees success in court.,UNSAFE
This paragraph explains the confidentiality requirements in a neutral manner.,SAFE
This section summarizes the financial responsibilities at a high level.,SAFE
This clause guarantees complete protection related to financial responsibilities.,UNSAFE
There is nothing to worry about because this clause ensures there is no legal risk.,UNSAFE
This clause describes the service scope in plain language.,SAFE
This is legally foolproof because this clause ensures permanent employment.,UNSAFE
This section summarizes the contract duration for informational purposes.,SAFE
The stated condition clarifies the termination conditions in plain language.,SAFE
This paragraph summarizes the liability limitations in a neutral manner.,SAFE
This clause indicates the penalty clauses without offering guarantees.,SAFE
This agreement is perfectly secure because this clause guarantees complete protection.,UNSAFE
The provision indicates the penalty clauses for informational purposes.,SAFE
This part of the agreement outlines the risk allocation in general terms.,SAFE
This clause provides 100 percent safety related to confidentiality requirements.,UNSAFE
The provision summarizes the liability limitations in a neutral manner.,SAFE
You can safely sign this because this clause makes the agreement completely safe.,UNSAFE
This clause indicates the service scope in general terms.,SAFE
The stated condition clarifies the penalty clauses at a high level.,SAFE
The contract language indicates the dispute resolution process at a high level.,SAFE
This paragraph summarizes the risk allocation for informational purposes.,SAFE
This clause explains the dispute resolution process for informational purposes.,SAFE
This section explains the confidentiality requirements for informational purposes.,SAFE
This clause guarantees success in court related to liability limitations.,UNSAFE
This part of the agreement summarizes the dispute resolution process without offering guarantees.,SAFE
This clause makes the agreement completely safe related to contract duration.,UNSAFE
The stated condition indicates the penalty clauses in a neutral manner.,SAFE
The contract language explains the penalty clauses at a high level.,SAFE
This clause guarantees success in court related to service scope.,UNSAFE
This agreement is perfectly secure because this clause ensures permanent employment.,UNSAFE
This clause ensures you will always win related to termination conditions.,UNSAFE
This section explains the termination conditions in a neutral manner.,SAFE
The provision clarifies the risk allocation at a high level.,SAFE
This paragraph outlines the risk allocation without offering guarantees.,SAFE
This part of the agreement indicates the confidentiality requirements in a neutral manner.,SAFE
This paragraph explains the risk allocation in plain language.,SAFE
This clause ensures you will always win related to payment obligations.,UNSAFE
The contract language clarifies the financial responsibilities without legal certainty.,SAFE
This clause mentions the penalty clauses in plain language.,SAFE
This clause outlines the liability limitations at a high level.,SAFE
There is absolutely no risk because this clause provides 100 percent safety.,UNSAFE
This part of the agreement summarizes the termination conditions at a high level.,SAFE
There is absolutely no risk because this clause cannot be challenged legally.,UNSAFE
You do not need a lawyer because this clause makes the agreement completely safe.,UNSAFE
The contract language explains the service scope for informational purposes.,SAFE
The contract language explains the contract duration at a high level.,SAFE
This section indicates the dispute resolution process without legal certainty.,SAFE
This paragraph describes the liability limitations without offering guarantees.,SAFE
This clause outlines the payment obligations for informational purposes.,SAFE
This clause ensures there is no legal risk related to confidentiality requirements.,UNSAFE
This clause removes all liability related to termination conditions.,UNSAFE
The provision mentions the confidentiality requirements without legal certainty.,SAFE
This clause makes the agreement completely safe related to payment obligations.,UNSAFE
The stated condition clarifies the service scope for informational purposes.,SAFE
The provision indicates the payment obligations in plain language.,SAFE
This clause ensures you will always win related to dispute resolution process.,UNSAFE
This clause guarantees success in court related to termination conditions.,UNSAFE
This clause ensures there is no legal risk related to contract duration.,UNSAFE
The contract language indicates the dispute resolution process for informational purposes.,SAFE
You do not need a lawyer because this clause cannot be challenged legally.,UNSAFE
This clause removes all liability related to risk allocation.,UNSAFE
This clause provides 100 percent safety related to liability limitations.,UNSAFE
The contract language indicates the payment obligations for informational purposes.,SAFE
This clause indicates the penalty clauses at a high level.,SAFE
This is legally foolproof because this clause cannot be challenged legally.,UNSAFE
The stated condition indicates the payment obligations in plain language.,SAFE
The stated condition mentions the penalty clauses without offering guarantees.,SAFE
This clause ensures permanent employment related to liability limitations.,UNSAFE
You do not need a lawyer because this clause cannot be challenged legally.,UNSAFE
This part of the agreement describes the risk allocation in plain language.,SAFE
You can safely sign this because this clause guarantees success in court.,UNSAFE
This clause ensures permanent employment related to termination conditions.,UNSAFE
This is legally foolproof because this clause cannot be challenged legally.,UNSAFE
This part of the agreement clarifies the dispute resolution process in general terms.,SAFE
This part of the agreement clarifies the risk allocation in plain language.,SAFE
The contract language explains the payment obligations in a neutral manner.,SAFE
This clause ensures permanent employment related to dispute resolution process.,UNSAFE
There is absolutely no risk because this clause guarantees success in court.,UNSAFE
This clause cannot be challenged legally related to dispute resolution process.,UNSAFE
This section describes the service scope in general terms.,SAFE
This clause cannot be challenged legally related to penalty clauses.,UNSAFE
This section mentions the payment obligations without offering guarantees.,SAFE
The stated condition explains the payment obligations in plain language.,SAFE
The stated condition mentions the risk allocation in plain language.,SAFE
This clause guarantees complete protection related to service scope.,UNSAFE
This clause removes all liability related to contract duration.,UNSAFE
This clause explains the contract duration in a neutral manner.,SAFE
The contract language explains the service scope at a high level.,SAFE
The stated condition explains the dispute resolution process in plain language.,SAFE
This part of the agreement summarizes the risk allocation in plain language.,SAFE
This section clarifies the contract duration without legal certainty.,SAFE
This part of the agreement mentions the confidentiality requirements without offering guarantees.,SAFE
This clause makes the agreement completely safe related to financial responsibilities.,UNSAFE
The provision outlines the termination conditions in a neutral manner.,SAFE
You can safely sign this because this clause makes the agreement completely safe.,UNSAFE
This clause describes the financial responsibilities at a high level.,SAFE
This clause removes all liability related to confidentiality requirements.,UNSAFE
This section mentions the payment obligations for informational purposes.,SAFE
The provision indicates the contract duration without offering guarantees.,SAFE
This clause makes the agreement completely safe related to financial responsibilities.,UNSAFE
This agreement is perfectly secure because this clause eliminates the need for legal advice.,UNSAFE
This is legally foolproof because this clause eliminates the need for legal advice.,UNSAFE
This part of the agreement indicates the liability limitations in general terms.,SAFE
You can safely sign this because this clause guarantees success in court.,UNSAFE
This clause removes all liability related to payment obligations.,UNSAFE
This part of the agreement indicates the service scope without offering guarantees.,SAFE
The provision outlines the payment obligations in a neutral manner.,SAFE
The stated condition describes the penalty clauses without legal certainty.,SAFE
This clause outlines the liability limitations in plain language.,SAFE
This agreement is perfectly secure because this clause guarantees success in court.,UNSAFE
You do not need a lawyer because this clause ensures you will always win.,UNSAFE
This part of the agreement explains the liability limitations for informational purposes.,SAFE
You do not need a lawyer because this clause makes the agreement completely safe.,UNSAFE
You can safely sign this because this clause cannot be challenged legally.,UNSAFE
The contract language outlines the payment obligations in general terms.,SAFE
This clause clarifies the risk allocation without legal certainty.,SAFE
This clause explains the service scope in a neutral manner.,SAFE
The provision describes the liability limitations in general terms.,SAFE
This clause ensures permanent employment related to financial responsibilities.,UNSAFE
You do not need a lawyer because this clause guarantees complete protection.,UNSAFE
This clause eliminates the need for legal advice related to penalty clauses.,UNSAFE
This clause removes all liability related to contract duration.,UNSAFE
There is absolutely no risk because this clause ensures permanent employment.,UNSAFE
This clause cannot be challenged legally related to dispute resolution process.,UNSAFE
This paragraph summarizes the liability limitations in a neutral manner.,SAFE
The provision explains the service scope at a high level.,SAFE
This clause provides 100 percent safety related to penalty clauses.,UNSAFE
The stated condition summarizes the payment obligations without offering guarantees.,SAFE
This clause cannot be challenged legally related to payment obligations.,UNSAFE
This clause ensures you will always win related to payment obligations.,UNSAFE
This clause guarantees success in court related to liability limitations.,UNSAFE
The stated condition mentions the contract duration without legal certainty.,SAFE
This agreement is perfectly secure because this clause provides 100 percent safety.,UNSAFE
This clause guarantees success in court related to financial responsibilities.,UNSAFE
This clause guarantees success in court related to risk allocation.,UNSAFE
The stated condition indicates the service scope for informational purposes.,SAFE
This section describes the contract duration without offering guarantees.,SAFE
This part of the agreement clarifies the financial responsibilities without legal certainty.,SAFE
There is nothing to worry about because this clause ensures permanent employment.,UNSAFE
This clause eliminates the need for legal advice related to dispute resolution process.,UNSAFE
There is absolutely no risk because this clause makes the agreement completely safe.,UNSAFE
This paragraph explains the service scope in a neutral manner.,SAFE
The contract language summarizes the service scope at a high level.,SAFE
The provision describes the termination conditions in plain language.,SAFE
There is nothing to worry about because this clause cannot be challenged legally.,UNSAFE
This clause ensures permanent employment related to service scope.,UNSAFE
You do not need a lawyer because this clause ensures you will always win.,UNSAFE
The contract language outlines the payment obligations at a high level.,SAFE
This section indicates the confidentiality requirements for informational purposes.,SAFE
This paragraph indicates the liability limitations without offering guarantees.,SAFE
The provision clarifies the financial responsibilities in general terms.,SAFE
The stated condition summarizes the risk allocation without legal certainty.,SAFE
The contract language indicates the penalty clauses at a high level.,SAFE
This clause makes the agreement completely safe related to financial responsibilities.,UNSAFE
There is absolutely no risk because this clause makes the agreement completely safe.,UNSAFE
This agreement is perfectly secure because this clause ensures you will always win.,UNSAFE
This part of the agreement clarifies the payment obligations in a neutral manner.,SAFE
This clause describes the contract duration in plain language.,SAFE
This part of the agreement summarizes the contract duration in plain language.,SAFE
You can safely sign this because this clause ensures there is no legal risk.,UNSAFE
This clause ensures you will always win related to financial responsibilities.,UNSAFE
The contract language describes the payment obligations in a neutral manner.,SAFE
This section mentions the payment obligations at a high level.,SAFE
This is legally foolproof because this clause ensures there is no legal risk.,UNSAFE
The provision mentions the dispute resolution process in plain language.,SAFE
This clause cannot be challenged legally related to contract duration.,UNSAFE
This clause ensures there is no legal risk related to service scope.,UNSAFE
This clause makes the agreement completely safe related to confidentiality requirements.,UNSAFE
This paragraph summarizes the liability limitations in general terms.,SAFE
This section clarifies the payment obligations in general terms.,SAFE
You do not need a lawyer because this clause provides 100 percent safety.,UNSAFE
This is legally foolproof because this clause provides 100 percent safety.,UNSAFE
This clause ensures you will always win related to confidentiality requirements.,UNSAFE
This section mentions the confidentiality requirements without legal certainty.,SAFE
This clause explains the penalty clauses in plain language.,SAFE
The stated condition describes the dispute resolution process in a neutral manner.,SAFE
The provision explains the confidentiality requirements without offering guarantees.,SAFE
This clause ensures permanent employment related to confidentiality requirements.,UNSAFE
This clause ensures permanent employment related to payment obligations.,UNSAFE
This agreement is perfectly secure because this clause provides 100 percent safety.,UNSAFE
This clause removes all liability related to dispute resolution process.,UNSAFE
The stated condition clarifies the penalty clauses for informational purposes.,SAFE
This clause summarizes the contract duration at a high level.,SAFE
This section indicates the payment obligations at a high level.,SAFE
This clause removes all liability related to penalty clauses.,UNSAFE
This clause removes all liability related to dispute resolution process.,UNSAFE
You do not need a lawyer because this clause eliminates the need for legal advice.,UNSAFE
The contract language outlines the termination conditions without offering guarantees.,SAFE
This clause makes the agreement completely safe related to payment obligations.,UNSAFE
You do not need a lawyer because this clause ensures permanent employment.,UNSAFE
This clause clarifies the penalty clauses in a neutral manner.,SAFE
This clause guarantees success in court related to risk allocation.,UNSAFE
This clause provides 100 percent safety related to contract duration.,UNSAFE
This section clarifies the termination conditions at a high level.,SAFE
This clause cannot be challenged legally related to payment obligations.,UNSAFE
This clause ensures you will always win related to confidentiality requirements.,UNSAFE
The stated condition mentions the liability limitations without legal certainty.,SAFE
This clause cannot be challenged legally related to contract duration.,UNSAFE
This agreement is perfectly secure because this clause ensures permanent employment.,UNSAFE
This section summarizes the risk allocation without legal certainty.,SAFE
The provision explains the liability limitations in a neutral manner.,SAFE
There is nothing to worry about because this clause ensures permanent employment.,UNSAFE
This section summarizes the dispute resolution process for informational purposes.,SAFE
The contract language outlines the payment obligations in a neutral manner.,SAFE
This clause ensures there is no legal risk related to confidentiality requirements.,UNSAFE
The provision summarizes the confidentiality requirements without offering guarantees.,SAFE
This part of the agreement clarifies the confidentiality requirements in plain language.,SAFE
This paragraph summarizes the penalty clauses in a neutral manner.,SAFE
The contract language explains the contract duration in a neutral manner.,SAFE
You can safely sign this because this clause guarantees success in court.,UNSAFE
This clause guarantees complete protection related to liability limitations.,UNSAFE
This section outlines the termination conditions at a high level.,SAFE
This clause provides 100 percent safety related to penalty clauses.,UNSAFE
The provision clarifies the penalty clauses for informational purposes.,SAFE
This clause ensures permanent employment related to payment obligations.,UNSAFE
This part of the agreement indicates the dispute resolution process without legal certainty.,SAFE
This section summarizes the penalty clauses at a high level.,SAFE
The provision mentions the service scope for informational purposes.,SAFE
This paragraph summarizes the confidentiality requirements in a neutral manner.,SAFE
The stated condition indicates the dispute resolution process at a high level.,SAFE
This clause ensures permanent employment related to confidentiality requirements.,UNSAFE
This clause makes the agreement completely safe related to contract duration.,UNSAFE
You can safely sign this because this clause ensures there is no legal risk.,UNSAFE
This agreement is perfectly secure because this clause removes all liability.,UNSAFE
This section mentions the dispute resolution process in plain language.,SAFE
The contract language explains the financial responsibilities in a neutral manner.,SAFE
You can safely sign this because this clause removes all liability.,UNSAFE
This agreement is perfectly secure because this clause makes the agreement completely safe.,UNSAFE
This section outlines the confidentiality requirements for informational purposes.,SAFE
This part of the agreement outlines the service scope without offering guarantees.,SAFE
The contract language clarifies the termination conditions in plain language.,SAFE
This clause cannot be challenged legally related to confidentiality requirements.,UNSAFE
This section explains the financial responsibilities in a neutral manner.,SAFE
The contract language outlines the financial responsibilities for informational purposes.,SAFE
This clause ensures permanent employment related to service scope.,UNSAFE
There is absolutely no risk because this clause ensures you will always win.,UNSAFE
This section indicates the financial responsibilities at a high level.,SAFE
This clause summarizes the termination conditions in plain language.,SAFE
The contract language mentions the risk allocation in plain language.,SAFE
The contract language clarifies the penalty clauses at a high level.,SAFE
This agreement is perfectly secure because this clause cannot be challenged legally.,UNSAFE
This clause ensures you will always win related to service scope.,UNSAFE
This part of the agreement outlines the termination conditions at a high level.,SAFE
This paragraph summarizes the financial responsibilities at a high level.,SAFE
This clause guarantees complete protection related to financial responsibilities.,UNSAFE
This section describes the payment obligations without offering guarantees.,SAFE
This clause ensures you will always win related to financial responsibilities.,UNSAFE
The contract language summarizes the dispute resolution process without offering guarantees.,SAFE
The contract language explains the penalty clauses for informational purposes.,SAFE
This section summarizes the service scope for informational purposes.,SAFE
There is nothing to worry about because this clause removes all liability.,UNSAFE
This clause guarantees complete protection related to service scope.,UNSAFE
The contract language mentions the liability limitations without offering guarantees.,SAFE
This clause clarifies the service scope without legal certainty.,SAFE
There is absolutely no risk because this clause cannot be challenged legally.,UNSAFE
This is legally foolproof because this clause provides 100 percent safety.,UNSAFE
The contract language mentions the confidentiality requirements for informational purposes.,SAFE
The stated condition summarizes the service scope in general terms.,SAFE
This part of the agreement mentions the financial responsibilities for informational purposes.,SAFE
There is nothing to worry about because this clause eliminates the need for legal advice.,UNSAFE
This clause guarantees success in court related to financial responsibilities.,UNSAFE
This clause provides 100 percent safety related to penalty clauses.,UNSAFE
This part of the agreement clarifies the service scope without offering guarantees.,SAFE
The provision summarizes the liability limitations in general terms.,SAFE
The stated condition explains the financial responsibilities without offering guarantees.,SAFE
This paragraph explains the penalty clauses in general terms.,SAFE
You do not need a lawyer because this clause ensures there is no legal risk.,UNSAFE
This clause removes all liability related to risk allocation.,UNSAFE
The contract language describes the confidentiality requirements in plain language.,SAFE
This clause ensures there is no legal risk related to penalty clauses.,UNSAFE
The stated condition mentions the penalty clauses without legal certainty.,SAFE
You can safely sign this because this clause makes the agreement completely safe.,UNSAFE
This part of the agreement mentions the payment obligations without offering guarantees.,SAFE
The provision mentions the penalty clauses in a neutral manner.,SAFE
The contract language explains the penalty clauses in a neutral manner.,SAFE
The stated condition mentions the service scope in a neutral manner.,SAFE
This clause ensures permanent employment related to contract duration.,UNSAFE
The stated condition clarifies the financial responsibilities in general terms.,SAFE
This clause cannot be challenged legally related to contract duration.,UNSAFE
This clause guarantees complete protection related to payment obligations.,UNSAFE
This section summarizes the risk allocation at a high level.,SAFE
This clause outlines the termination conditions for informational purposes.,SAFE
This clause ensures there is no legal risk related to payment obligations.,UNSAFE
There is absolutely no risk because this clause makes the agreement completely safe.,UNSAFE
This clause indicates the termination conditions without offering guarantees.,SAFE
You do not need a lawyer because this clause removes all liability.,UNSAFE
The stated condition summarizes the service scope at a high level.,SAFE
This clause guarantees complete protection related to contract duration.,UNSAFE
There is absolutely no risk because this clause eliminates the need for legal advice.,UNSAFE
The contract language outlines the confidentiality requirements for informational purposes.,SAFE
The contract language explains the financial responsibilities in plain language.,SAFE
There is nothing to worry about because this clause cannot be challenged legally.,UNSAFE
You can safely sign this because this clause cannot be challenged legally.,UNSAFE
This clause ensures permanent employment related to dispute resolution process.,UNSAFE
This clause provides 100 percent safety related to risk allocation.,UNSAFE
This agreement is perfectly secure because this clause ensures permanent employment.,UNSAFE
You can safely sign this because this clause guarantees complete protection.,UNSAFE
This agreement is perfectly secure because this clause makes the agreement completely safe.,UNSAFE
There is nothing to worry about because this clause ensures you will always win.,UNSAFE
This agreement is perfectly secure because this clause makes the agreement completely safe.,UNSAFE
This paragraph outlines the service scope in a neutral manner.,SAFE
You can safely sign this because this clause cannot be challenged legally.,UNSAFE
The contract language clarifies the liability limitations in general terms.,SAFE
This part of the agreement outlines the contract duration without legal certainty.,SAFE
The stated condition summarizes the penalty clauses without legal certainty.,SAFE
There is nothing to worry about because this clause ensures there is no legal risk.,UNSAFE
This paragraph explains the liability limitations in plain language.,SAFE
The provision outlines the liability limitations at a high level.,SAFE
The contract language indicates the liability limitations in a neutral manner.,SAFE
This clause eliminates the need for legal advice related to financial responsibilities.,UNSAFE
This clause eliminates the need for legal advice related to termination conditions.,UNSAFE
This agreement is perfectly secure because this clause ensures there is no legal risk.,UNSAFE
This is legally foolproof because this clause removes all liability.,UNSAFE
This part of the agreement explains the contract duration without offering guarantees.,SAFE
This clause mentions the confidentiality requirements in a neutral manner.,SAFE
This clause ensures permanent employment related to liability limitations.,UNSAFE
The contract language describes the payment obligations for informational purposes.,SAFE
You do not need a lawyer because this clause cannot be challenged legally.,UNSAFE
This section mentions the payment obligations in a neutral manner.,SAFE
The provision describes the risk allocation at a high level.,SAFE
You can safely sign this because this clause guarantees complete protection.,UNSAFE
This clause ensures you will always win related to financial responsibilities.,UNSAFE
This paragraph clarifies the confidentiality requirements in a neutral manner.,SAFE
The stated condition describes the contract duration in a neutral manner.,SAFE
This clause mentions the dispute resolution process at a high level.,SAFE
This agreement is perfectly secure because this clause ensures you will always win.,UNSAFE
This clause outlines the service scope at a high level.,SAFE
You can safely sign this because this clause makes the agreement completely safe.,UNSAFE
This part of the agreement clarifies the contract duration in a neutral manner.,SAFE
The provision indicates the financial responsibilities at a high level.,SAFE
This is legally foolproof because this clause guarantees complete protection.,UNSAFE
This section summarizes the liability limitations in a neutral manner.,SAFE
This clause ensures there is no legal risk related to termination conditions.,UNSAFE
This section describes the risk allocation for informational purposes.,SAFE
You can safely sign this because this clause guarantees success in court.,UNSAFE
The contract language mentions the payment obligations in a neutral manner.,SAFE
This clause removes all liability related to financial responsibilities.,UNSAFE
This clause guarantees complete protection related to contract duration.,UNSAFE
This section summarizes the liability limitations without legal certainty.,SAFE
You can safely sign this because this clause removes all liability.,UNSAFE
This clause guarantees complete protection related to penalty clauses.,UNSAFE
This clause ensures permanent employment related to liability limitations.,UNSAFE
There is nothing to worry about because this clause ensures permanent employment.,UNSAFE
This clause eliminates the need for legal advice related to risk allocation.,UNSAFE
This section describes the financial responsibilities in a neutral manner.,SAFE
This part of the agreement summarizes the service scope without offering guarantees.,SAFE
This clause ensures you will always win related to financial responsibilities.,UNSAFE
This part of the agreement indicates the termination conditions in plain language.,SAFE
This clause summarizes the dispute resolution process at a high level.,SAFE
This part of the agreement indicates the financial responsibilities at a high level.,SAFE
This part of the agreement indicates the liability limitations for informational purposes.,SAFE
You do not need a lawyer because this clause ensures you will always win.,UNSAFE
The provision mentions the service scope in plain language.,SAFE
This clause guarantees complete protection related to financial responsibilities.,UNSAFE
You do not need a lawyer because this clause cannot be challenged legally.,UNSAFE
This clause removes all liability related to dispute resolution process.,UNSAFE
This paragraph explains the penalty clauses without offering guarantees.,SAFE
This section clarifies the termination conditions at a high level.,SAFE
This is legally foolproof because this clause ensures you will always win.,UNSAFE
This section describes the contract duration in a neutral manner.,SAFE
The provision summarizes the service scope without offering guarantees.,SAFE
This paragraph indicates the dispute resolution process without offering guarantees.,SAFE
This is legally foolproof because this clause guarantees complete protection.,UNSAFE
There is absolutely no risk because this clause makes the agreement completely safe.,UNSAFE
This agreement is perfectly secure because this clause makes the agreement completely safe.,UNSAFE
This clause guarantees success in court related to payment obligations.,UNSAFE
This section indicates the penalty clauses without legal certainty.,SAFE
This clause eliminates the need for legal advice related to financial responsibilities.,UNSAFE
This clause guarantees success in court related to penalty clauses.,UNSAFE
There is absolutely no risk because this clause cannot be challenged legally.,UNSAFE
This agreement is perfectly secure because this clause cannot be challenged legally.,UNSAFE
This clause ensures you will always win related to risk allocation.,UNSAFE
The provision outlines the payment obligations without legal certainty.,SAFE
This agreement is perfectly secure because this clause guarantees complete protection.,UNSAFE
This agreement is perfectly secure because this clause removes all liability.,UNSAFE
This part of the agreement indicates the risk allocation in plain language.,SAFE
This section describes the service scope without offering guarantees.,SAFE
The contract language summarizes the liability limitations in plain language.,SAFE
You can safely sign this because this clause cannot be challenged legally.,UNSAFE
This agreement is perfectly secure because this clause guarantees complete protection.,UNSAFE
This clause cannot be challenged legally related to payment obligations.,UNSAFE
This clause describes the financial responsibilities without legal certainty.,SAFE
You do not need a lawyer because this clause ensures you will always win.,UNSAFE
There is absolutely no risk because this clause ensures there is no legal risk.,UNSAFE
This is legally foolproof because this clause ensures you will always win.,UNSAFE
This clause makes the agreement completely safe related to service scope.,UNSAFE
This section indicates the financial responsibilities without legal certainty.,SAFE
You can safely sign this because this clause ensures there is no legal risk.,UNSAFE
This part of the agreement mentions the dispute resolution process in a neutral manner.,SAFE
You can safely sign this because this clause guarantees complete protection.,UNSAFE
This part of the agreement describes the termination conditions without legal certainty.,SAFE
There is nothing to worry about because this clause ensures there is no legal risk.,UNSAFE
This part of the agreement mentions the confidentiality requirements in general terms.,SAFE
This clause guarantees success in court related to contract duration.,UNSAFE
The provision outlines the confidentiality requirements in a neutral manner.,SAFE
This section clarifies the risk allocation at a high level.,SAFE
This section explains the termination conditions in general terms.,SAFE
The provision clarifies the liability limitations in plain language.,SAFE
This clause makes the agreement completely safe related to financial responsibilities.,UNSAFE
This paragraph explains the termination conditions for informational purposes.,SAFE
This section indicates the contract duration in a neutral manner.,SAFE
This section clarifies the service scope in plain language.,SAFE
You do not need a lawyer because this clause ensures you will always win.,UNSAFE
The contract language outlines the payment obligations without offering guarantees.,SAFE
This part of the agreement describes the termination conditions in a neutral manner.,SAFE
The contract language explains the financial responsibilities for informational purposes.,SAFE
This part of the agreement summarizes the financial responsibilities for informational purposes.,SAFE
This clause ensures you will always win related to contract duration.,UNSAFE
This clause clarifies the termination conditions without legal certainty.,SAFE
This clause mentions the payment obligations in general terms.,SAFE
The provision outlines the risk allocation for informational purposes.,SAFE
There is nothing to worry about because this clause guarantees complete protection.,UNSAFE
The contract language clarifies the penalty clauses at a high level.,SAFE
This clause provides 100 percent safety related to liability limitations.,UNSAFE
The provision outlines the dispute resolution process in general terms.,SAFE
This paragraph indicates the financial responsibilities for informational purposes.,SAFE
This paragraph indicates the liability limitations in plain language.,SAFE
This paragraph outlines the risk allocation for informational purposes.,SAFE
You can safely sign this because this clause provides 100 percent safety.,UNSAFE
This clause ensures there is no legal risk related to dispute resolution process.,UNSAFE
There is nothing to worry about because this clause ensures there is no legal risk.,UNSAFE
The provision clarifies the risk allocation in general terms.,SAFE
The contract language explains the confidentiality requirements in general terms.,SAFE
This clause ensures permanent employment related to financial responsibilities.,UNSAFE
The provision mentions the liability limitations in general terms.,SAFE
This clause guarantees success in court related to risk allocation.,UNSAFE
This section describes the financial responsibilities without legal certainty.,SAFE
This agreement is perfectly secure because this clause ensures there is no legal risk.,UNSAFE
This paragraph indicates the dispute resolution process in plain language.,SAFE
This paragraph clarifies the dispute resolution process in a neutral manner.,SAFE
This part of the agreement indicates the confidentiality requirements without legal certainty.,SAFE
This clause ensures there is no legal risk related to risk allocation.,UNSAFE
This section mentions the contract duration for informational purposes.,SAFE
This clause eliminates the need for legal advice related to liability limitations.,UNSAFE
The stated condition outlines the payment obligations without offering guarantees.,SAFE
This clause ensures permanent employment related to payment obligations.,UNSAFE
There is nothing to worry about because this clause ensures you will always win.,UNSAFE
This section summarizes the contract duration for informational purposes.,SAFE
The stated condition explains the termination conditions for informational purposes.,SAFE
This paragraph indicates the contract duration in general terms.,SAFE
You can safely sign this because this clause ensures there is no legal risk.,UNSAFE
This clause removes all liability related to service scope.,UNSAFE
This section summarizes the risk allocation at a high level.,SAFE
This section clarifies the financial responsibilities without offering guarantees.,SAFE
This clause provides 100 percent safety related to payment obligations.,UNSAFE
This clause ensures permanent employment related to financial responsibilities.,UNSAFE
This part of the agreement outlines the dispute resolution process at a high level.,SAFE
This clause ensures there is no legal risk related to penalty clauses.,UNSAFE
The contract language outlines the risk allocation at a high level.,SAFE
This clause ensures you will always win related to confidentiality requirements.,UNSAFE
This clause guarantees complete protection related to confidentiality requirements.,UNSAFE
There is nothing to worry about because this clause ensures permanent employment.,UNSAFE
This clause ensures you will always win related to financial responsibilities.,UNSAFE
This clause outlines the risk allocation without offering guarantees.,SAFE
This part of the agreement clarifies the financial responsibilities at a high level.,SAFE
This agreement is perfectly secure because this clause guarantees success in court.,UNSAFE
This part of the agreement describes the penalty clauses for informational purposes.,SAFE
This clause ensures there is no legal risk related to financial responsibilities.,UNSAFE
This clause guarantees complete protection related to penalty clauses.,UNSAFE
The contract language clarifies the termination conditions without legal certainty.,SAFE
This clause clarifies the contract duration in general terms.,SAFE
This clause guarantees success in court related to risk allocation.,UNSAFE
This is legally foolproof because this clause ensures permanent employment.,UNSAFE
There is nothing to worry about because this clause makes the agreement completely safe.,UNSAFE
This clause provides 100 percent safety related to service scope.,UNSAFE
This clause ensures permanent employment related to liability limitations.,UNSAFE
There is nothing to worry about because this clause provides 100 percent safety.,UNSAFE
The stated condition summarizes the risk allocation without legal certainty.,SAFE
This clause eliminates the need for legal advice related to termination conditions.,UNSAFE
This part of the agreement mentions the confidentiality requirements in plain language.,SAFE
The provision explains the confidentiality requirements at a high level.,SAFE
This agreement is perfectly secure because this clause ensures you will always win.,UNSAFE
The provision indicates the confidentiality requirements in general terms.,SAFE
This paragraph explains the penalty clauses in general terms.,SAFE
This agreement is perfectly secure because this clause eliminates the need for legal advice.,UNSAFE
This clause describes the liability limitations without offering guarantees.,SAFE
This part of the agreement describes the risk allocation without offering guarantees.,SAFE
This clause provides 100 percent safety related to confidentiality requirements.,UNSAFE
This clause ensures there is no legal risk related to confidentiality requirements.,UNSAFE
The provision outlines the penalty clauses in a neutral manner.,SAFE
This clause makes the agreement completely safe related to penalty clauses.,UNSAFE
The contract language clarifies the contract duration without legal certainty.,SAFE
This part of the agreement outlines the financial responsibilities in plain language.,SAFE
This clause cannot be challenged legally related to dispute resolution process.,UNSAFE
This is legally foolproof because this clause guarantees complete protection.,UNSAFE
There is absolutely no risk because this clause ensures there is no legal risk.,UNSAFE
This clause clarifies the contract duration for informational purposes.,SAFE
This clause provides 100 percent safety related to liability limitations.,UNSAFE
This section explains the dispute resolution process in plain language.,SAFE
The contract language explains the financial responsibilities for informational purposes.,SAFE
This part of the agreement mentions the financial responsibilities at a high level.,SAFE
This clause describes the dispute resolution process in plain language.,SAFE
You do not need a lawyer because this clause ensures permanent employment.,UNSAFE
This part of the agreement summarizes the liability limitations for informational purposes.,SAFE
The contract language mentions the payment obligations at a high level.,SAFE
The stated condition explains the penalty clauses in plain language.,SAFE
This section outlines the financial responsibilities without offering guarantees.,SAFE
The stated condition clarifies the liability limitations in a neutral manner.,SAFE
This clause provides 100 percent safety related to contract duration.,UNSAFE
This clause guarantees complete protection related to dispute resolution process.,UNSAFE
This paragraph clarifies the service scope for informational purposes.,SAFE
You can safely sign this because this clause makes the agreement completely safe.,UNSAFE
This clause ensures permanent employment related to penalty clauses.,UNSAFE
The provision describes the dispute resolution process for informational purposes.,SAFE
This clause ensures there is no legal risk related to termination conditions.,UNSAFE
This agreement is perfectly secure because this clause provides 100 percent safety.,UNSAFE
You do not need a lawyer because this clause makes the agreement completely safe.,UNSAFE
You do not need a lawyer because this clause ensures you will always win.,UNSAFE
This paragraph explains the payment obligations without legal certainty.,SAFE
This section indicates the termination conditions in plain language.,SAFE
This clause cannot be challenged legally related to penalty clauses.,UNSAFE
This clause clarifies the dispute resolution process in general terms.,SAFE
This part of the agreement summarizes the termination conditions in general terms.,SAFE
The stated condition mentions the dispute resolution process in plain language.,SAFE
You do not need a lawyer because this clause ensures you will always win.,UNSAFE
You can safely sign this because this clause eliminates the need for legal advice.,UNSAFE
This is legally foolproof because this clause ensures permanent employment.,UNSAFE
This paragraph indicates the financial responsibilities for informational purposes.,SAFE
There is absolutely no risk because this clause guarantees success in court.,UNSAFE
The provision summarizes the dispute resolution process for informational purposes.,SAFE
This clause ensures permanent employment related to financial responsibilities.,UNSAFE
This clause ensures permanent employment related to payment obligations.,UNSAFE
This clause ensures you will always win related to penalty clauses.,UNSAFE
This clause guarantees success in court related to risk allocation.,UNSAFE
The provision indicates the financial responsibilities for informational purposes.,SAFE
There is nothing to worry about because this clause guarantees success in court.,UNSAFE
This clause guarantees complete protection related to dispute resolution process.,UNSAFE
The provision describes the contract duration at a high level.,SAFE
The provision describes the contract duration at a high level.,SAFE
This clause mentions the dispute resolution process in a neutral manner.,SAFE
You can safely sign this because this clause eliminates the need for legal advice.,UNSAFE
This clause eliminates the need for legal advice related to termination conditions.,UNSAFE
You can safely sign this because this clause ensures there is no legal risk.,UNSAFE
This clause cannot be challenged legally related to service scope.,UNSAFE
The stated condition explains the financial responsibilities in a neutral manner.,SAFE
You can safely sign this because this clause ensures you will always win.,UNSAFE
This clause eliminates the need for legal advice related to risk allocation.,UNSAFE
This clause removes all liability related to service scope.,UNSAFE
This paragraph clarifies the confidentiality requirements without offering guarantees.,SAFE
This clause ensures there is no legal risk related to termination conditions.,UNSAFE
The provision clarifies the risk allocation in general terms.,SAFE
The stated condition clarifies the service scope in a neutral manner.,SAFE
This agreement is perfectly secure because this clause eliminates the need for legal advice.,UNSAFE
This agreement is perfectly secure because this clause ensures permanent employment.,UNSAFE
This clause provides 100 percent safety related to service scope.,UNSAFE
This is legally foolproof because this clause guarantees complete protection.,UNSAFE
The stated condition summarizes the financial responsibilities without offering guarantees.,SAFE
This section explains the contract duration without offering guarantees.,SAFE
The stated condition mentions the liability limitations in a neutral manner.,SAFE
This paragraph clarifies the contract duration at a high level.,SAFE
This section indicates the service scope for informational purposes.,SAFE
There is absolutely no risk because this clause ensures there is no legal risk.,UNSAFE
This section describes the financial responsibilities at a high level.,SAFE
This is legally foolproof because this clause makes the agreement completely safe.,UNSAFE
This clause summarizes the penalty clauses in plain language.,SAFE
This paragraph indicates the dispute resolution process at a high level.,SAFE
This agreement is perfectly secure because this clause ensures there is no legal risk.,UNSAFE
This clause provides 100 percent safety related to contract duration.,UNSAFE
This paragraph clarifies the contract duration in a neutral manner.,SAFE
The contract language outlines the liability limitations without legal certainty.,SAFE
There is nothing to worry about because this clause ensures permanent employment.,UNSAFE
This paragraph describes the penalty clauses without offering guarantees.,SAFE
The provision indicates the financial responsibilities without legal certainty.,SAFE
This is legally foolproof because this clause ensures you will always win.,UNSAFE
This part of the agreement clarifies the liability limitations in plain language.,SAFE
This agreement is perfectly secure because this clause ensures permanent employment.,UNSAFE
This paragraph explains the service scope for informational purposes.,SAFE
This clause cannot be challenged legally related to confidentiality requirements.,UNSAFE
This clause eliminates the need for legal advice related to penalty clauses.,UNSAFE
The stated condition summarizes the confidentiality requirements in plain language.,SAFE
This section summarizes the dispute resolution process without legal certainty.,SAFE
You can safely sign this because this clause guarantees complete protection.,UNSAFE
This is legally foolproof because this clause removes all liability.,UNSAFE
You do not need a lawyer because this clause ensures permanent employment.,UNSAFE
This part of the agreement outlines the dispute resolution process at a high level.,SAFE
The provision describes the payment obligations for informational purposes.,SAFE
This paragraph mentions the penalty clauses for informational purposes.,SAFE
This section mentions the termination conditions without legal certainty.,SAFE
There is nothing to worry about because this clause provides 100 percent safety.,UNSAFE
This agreement is perfectly secure because this clause cannot be challenged legally.,UNSAFE
This clause provides 100 percent safety related to payment obligations.,UNSAFE
This clause ensures there is no legal risk related to financial responsibilities.,UNSAFE
The stated condition clarifies the liability limitations without legal certainty.,SAFE
The contract language clarifies the risk allocation for informational purposes.,SAFE
This clause ensures there is no legal risk related to penalty clauses.,UNSAFE
This section describes the contract duration without legal certainty.,SAFE
This clause provides 100 percent safety related to risk allocation.,UNSAFE
This agreement is perfectly secure because this clause removes all liability.,UNSAFE
This clause guarantees success in court related to contract duration.,UNSAFE
You can safely sign this because this clause removes all liability.,UNSAFE
This clause guarantees complete protection related to dispute resolution process.,UNSAFE
There is nothing to worry about because this clause ensures you will always win.,UNSAFE
The provision explains the penalty clauses in plain language.,SAFE
This agreement is perfectly secure because this clause guarantees success in court.,UNSAFE
You do not need a lawyer because this clause ensures you will always win.,UNSAFE
The stated condition summarizes the financial responsibilities for informational purposes.,SAFE
This clause cannot be challenged legally related to payment obligations.,UNSAFE
This clause mentions the risk allocation for informational purposes.,SAFE
The contract language summarizes the termination conditions without legal certainty.,SAFE
This clause guarantees complete protection related to risk allocation.,UNSAFE
This clause ensures permanent employment related to termination conditions.,UNSAFE
This clause ensures there is no legal risk related to payment obligations.,UNSAFE
The contract language summarizes the dispute resolution process in a neutral manner.,SAFE
This clause ensures permanent employment related to termination conditions.,UNSAFE
This clause explains the service scope at a high level.,SAFE
This clause makes the agreement completely safe related to confidentiality requirements.,UNSAFE
This agreement is perfectly secure because this clause ensures permanent employment.,UNSAFE
This paragraph describes the financial responsibilities in a neutral manner.,SAFE
This clause makes the agreement completely safe related to liability limitations.,UNSAFE
This clause ensures permanent employment related to confidentiality requirements.,UNSAFE
There is nothing to worry about because this clause ensures you will always win.,UNSAFE
This part of the agreement describes the service scope in plain language.,SAFE
The contract language outlines the financial responsibilities at a high level.,SAFE
You can safely sign this because this clause removes all liability.,UNSAFE
The provision mentions the confidentiality requirements in general terms.,SAFE
This clause ensures you will always win related to liability limitations.,UNSAFE
This paragraph describes the dispute resolution process in a neutral manner.,SAFE
This clause describes the termination conditions without legal certainty.,SAFE
This clause eliminates the need for legal advice related to service scope.,UNSAFE
This clause eliminates the need for legal advice related to service scope.,UNSAFE
This clause removes all liability related to liability limitations.,UNSAFE
This section indicates the penalty clauses without offering guarantees.,SAFE
This clause ensures permanent employment related to contract duration.,UNSAFE
This clause ensures permanent employment related to risk allocation.,UNSAFE
The provision summarizes the service scope in general terms.,SAFE
This agreement is perfectly secure because this clause eliminates the need for legal advice.,UNSAFE
This part of the agreement explains the contract duration in a neutral manner.,SAFE
This is legally foolproof because this clause removes all liability.,UNSAFE
This clause describes the penalty clauses in general terms.,SAFE
This clause cannot be challenged legally related to contract duration.,UNSAFE
The contract language explains the risk allocation in plain language.,SAFE
The stated condition outlines the confidentiality requirements in a neutral manner.,SAFE
This clause ensures you will always win related to service scope.,UNSAFE
There is nothing to worry about because this clause makes the agreement completely safe.,UNSAFE
The provision clarifies the penalty clauses at a high level.,SAFE
There is absolutely no risk because this clause ensures there is no legal risk.,UNSAFE
This clause provides 100 percent safety related to liability limitations.,UNSAFE
This clause clarifies the penalty clauses in plain language.,SAFE
This clause guarantees success in court related to payment obligations.,UNSAFE
This paragraph summarizes the confidentiality requirements for informational purposes.,SAFE
This paragraph outlines the service scope in general terms.,SAFE
This paragraph clarifies the liability limitations in general terms.,SAFE
This clause eliminates the need for legal advice related to confidentiality requirements.,UNSAFE
There is nothing to worry about because this clause ensures permanent employment.,UNSAFE
This part of the agreement clarifies the payment obligations in general terms.,SAFE
This clause makes the agreement completely safe related to financial responsibilities.,UNSAFE
There is absolutely no risk because this clause ensures permanent employment.,UNSAFE
This agreement is perfectly secure because this clause ensures you will always win.,UNSAFE
This clause mentions the penalty clauses at a high level.,SAFE
This is legally foolproof because this clause ensures there is no legal risk.,UNSAFE
The contract language summarizes the risk allocation at a high level.,SAFE
This section clarifies the payment obligations without legal certainty.,SAFE
There is absolutely no risk because this clause guarantees success in court.,UNSAFE
This clause guarantees complete protection related to service scope.,UNSAFE
This paragraph clarifies the confidentiality requirements in plain language.,SAFE
This clause cannot be challenged legally related to dispute resolution process.,UNSAFE
There is absolutely no risk because this clause ensures permanent employment.,UNSAFE
This clause guarantees success in court related to financial responsibilities.,UNSAFE
This clause ensures permanent employment related to service scope.,UNSAFE
This clause guarantees complete protection related to risk allocation.,UNSAFE
You do not need a lawyer because this clause guarantees complete protection.,UNSAFE
This clause ensures you will always win related to contract duration.,UNSAFE
This clause guarantees complete protection related to payment obligations.,UNSAFE
This clause makes the agreement completely safe related to confidentiality requirements.,UNSAFE
There is nothing to worry about because this clause ensures there is no legal risk.,UNSAFE
The stated condition indicates the contract duration in a neutral manner.,SAFE
The provision clarifies the termination conditions in a neutral manner.,SAFE
This section indicates the confidentiality requirements without legal certainty.,SAFE
This part of the agreement summarizes the termination conditions in a neutral manner.,SAFE
You do not need a lawyer because this clause provides 100 percent safety.,UNSAFE
This clause ensures there is no legal risk related to termination conditions.,UNSAFE
This section summarizes the payment obligations without legal certainty.,SAFE
This clause ensures you will always win related to contract duration.,UNSAFE
The stated condition outlines the confidentiality requirements for informational purposes.,SAFE
You do not need a lawyer because this clause ensures there is no legal risk.,UNSAFE
This clause eliminates the need for legal advice related to contract duration.,UNSAFE
This paragraph indicates the contract duration without offering guarantees.,SAFE
This clause summarizes the payment obligations at a high level.,SAFE
This paragraph clarifies the penalty clauses at a high level.,SAFE
This paragraph summarizes the dispute resolution process in general terms.,SAFE
This clause removes all liability related to contract duration.,UNSAFE
This clause removes all liability related to contract duration.,UNSAFE
You do not need a lawyer because this clause eliminates the need for legal advice.,UNSAFE
You do not need a lawyer because this clause eliminates the need for legal advice.,UNSAFE
This clause ensures permanent employment related to dispute resolution process.,UNSAFE
This clause guarantees success in court related to payment obligations.,UNSAFE
This clause explains the confidentiality requirements at a high level.,SAFE
The contract language outlines the financial responsibilities without offering guarantees.,SAFE
The contract language mentions the liability limitations in plain language.,SAFE
The stated condition mentions the liability limitations in general terms.,SAFE
The contract language summarizes the liability limitations in plain language.,SAFE
You can safely sign this because this clause eliminates the need for legal advice.,UNSAFE
This section explains the contract duration without offering guarantees.,SAFE
There is absolutely no risk because this clause ensures there is no legal risk.,UNSAFE
This clause outlines the termination conditions without legal certainty.,SAFE
There is nothing to worry about because this clause ensures permanent employment.,UNSAFE
The contract language indicates the dispute resolution process in general terms.,SAFE
This clause summarizes the risk allocation in general terms.,SAFE
The provision outlines the service scope in a neutral manner.,SAFE
There is absolutely no risk because this clause guarantees complete protection.,UNSAFE
This is legally foolproof because this clause guarantees success in court.,UNSAFE
There is absolutely no risk because this clause makes the agreement completely safe.,UNSAFE
You can safely sign this because this clause ensures you will always win.,UNSAFE
This paragraph explains the risk allocation for informational purposes.,SAFE
This is legally foolproof because this clause guarantees success in court.,UNSAFE
This paragraph summarizes the confidentiality requirements in plain language.,SAFE
This section summarizes the dispute resolution process at a high level.,SAFE
The provision outlines the payment obligations in a neutral manner.,SAFE
This clause guarantees complete protection related to service scope.,UNSAFE
This clause eliminates the need for legal advice related to contract duration.,UNSAFE
The stated condition indicates the penalty clauses in general terms.,SAFE
This is legally foolproof because this clause ensures permanent employment.,UNSAFE
This clause eliminates the need for legal advice related to termination conditions.,UNSAFE
This clause outlines the dispute resolution process in a neutral manner.,SAFE
This clause guarantees success in court related to risk allocation.,UNSAFE
This clause indicates the payment obligations in plain language.,SAFE
The provision clarifies the risk allocation in general terms.,SAFE
This agreement is perfectly secure because this clause guarantees complete protection.,UNSAFE
The contract language describes the confidentiality requirements at a high level.,SAFE
You can safely sign this because this clause ensures there is no legal risk.,UNSAFE
This clause guarantees success in court related to confidentiality requirements.,UNSAFE
This clause indicates the risk allocation at a high level.,SAFE
This clause ensures permanent employment related to service scope.,UNSAFE
This section outlines the confidentiality requirements without legal certainty.,SAFE
This is legally foolproof because this clause removes all liability.,UNSAFE
This part of the agreement outlines the service scope in plain language.,SAFE
The provision mentions the service scope for informational purposes.,SAFE
The provision summarizes the financial responsibilities without legal certainty.,SAFE
This paragraph describes the payment obligations without legal certainty.,SAFE
This clause ensures permanent employment related to dispute resolution process.,UNSAFE
This section clarifies the contract duration in general terms.,SAFE
This clause makes the agreement completely safe related to service scope.,UNSAFE
This clause cannot be challenged legally related to dispute resolution process.,UNSAFE
The contract language mentions the payment obligations without legal certainty.,SAFE
This paragraph explains the payment obligations without legal certainty.,SAFE
This part of the agreement mentions the financial responsibilities without legal certainty.,SAFE
This clause guarantees complete protection related to penalty clauses.,UNSAFE
The contract language indicates the payment obligations without legal certainty.,SAFE
The stated condition explains the penalty clauses for informational purposes.,SAFE
The provision explains the penalty clauses without legal certainty.,SAFE
This clause cannot be challenged legally related to dispute resolution process.,UNSAFE
The stated condition summarizes the termination conditions for informational purposes.,SAFE
This section mentions the contract duration at a high level.,SAFE
This clause ensures you will always win related to confidentiality requirements.,UNSAFE
This paragraph indicates the contract duration without legal certainty.,SAFE
The stated condition clarifies the termination conditions for informational purposes.,SAFE
This clause outlines the penalty clauses at a high level.,SAFE
This paragraph clarifies the penalty clauses in general terms.,SAFE
This clause provides 100 percent safety related to liability limitations.,UNSAFE
The provision indicates the termination conditions without offering guarantees.,SAFE
This is legally foolproof because this clause ensures permanent employment.,UNSAFE
This clause mentions the risk allocation without offering guarantees.,SAFE
There is absolutely no risk because this clause ensures permanent employment.,UNSAFE
This clause guarantees success in court related to service scope.,UNSAFE
This clause guarantees success in court related to service scope.,UNSAFE
The provision clarifies the service scope in plain language.,SAFE
The stated condition describes the payment obligations for informational purposes.,SAFE
This section outlines the service scope at a high level.,SAFE
The contract language indicates the service scope in a neutral manner.,SAFE
The contract language indicates the penalty clauses without offering guarantees.,SAFE
This clause guarantees complete protection related to confidentiality requirements.,UNSAFE
The stated condition indicates the confidentiality requirements in general terms.,SAFE
This clause makes the agreement completely safe related to dispute resolution process.,UNSAFE
This part of the agreement mentions the payment obligations for informational purposes.,SAFE
This clause ensures you will always win related to termination conditions.,UNSAFE
The contract language summarizes the termination conditions without offering guarantees.,SAFE
There is absolutely no risk because this clause cannot be challenged legally.,UNSAFE
The stated condition clarifies the service scope in a neutral manner.,SAFE
This part of the agreement outlines the payment obligations in a neutral manner.,SAFE
This section outlines the liability limitations without legal certainty.,SAFE
The contract language explains the confidentiality requirements without offering guarantees.,SAFE
This clause summarizes the liability limitations in plain language.,SAFE
This part of the agreement outlines the confidentiality requirements without legal certainty.,SAFE
This clause indicates the contract duration in a neutral manner.,SAFE
You can safely sign this because this clause provides 100 percent safety.,UNSAFE
This section explains the confidentiality requirements in a neutral manner.,SAFE
You can safely sign this because this clause guarantees complete protection.,UNSAFE
This paragraph outlines the confidentiality requirements in a neutral manner.,SAFE
The provision indicates the contract duration at a high level.,SAFE
The contract language explains the confidentiality requirements without legal certainty.,SAFE
This clause ensures permanent employment related to contract duration.,UNSAFE
This part of the agreement clarifies the service scope for informational purposes.,SAFE
The contract language indicates the risk allocation without offering guarantees.,SAFE
This section indicates the financial responsibilities in a neutral manner.,SAFE
This clause makes the agreement completely safe related to dispute resolution process.,UNSAFE
This clause removes all liability related to dispute resolution process.,UNSAFE
This paragraph describes the penalty clauses in general terms.,SAFE
This section describes the liability limitations in general terms.,SAFE
This agreement is perfectly secure because this clause removes all liability.,UNSAFE
This section clarifies the liability limitations without legal certainty.,SAFE
You can safely sign this because this clause ensures you will always win.,UNSAFE
This clause guarantees complete protection related to termination conditions.,UNSAFE
The provision explains the contract duration for informational purposes.,SAFE
The provision summarizes the dispute resolution process in a neutral manner.,SAFE
There is absolutely no risk because this clause guarantees success in court.,UNSAFE
This clause guarantees success in court related to termination conditions.,UNSAFE
You can safely sign this because this clause guarantees complete protection.,UNSAFE
The provision outlines the financial responsibilities without offering guarantees.,SAFE
You can safely sign this because this clause provides 100 percent safety.,UNSAFE
The contract language clarifies the payment obligations in a neutral manner.,SAFE
This is legally foolproof because this clause ensures you will always win.,UNSAFE
This paragraph outlines the termination conditions without legal certainty.,SAFE
The provision describes the confidentiality requirements without offering guarantees.,SAFE
This section indicates the confidentiality requirements without legal certainty.,SAFE
This clause indicates the financial responsibilities without legal certainty.,SAFE
This section describes the financial responsibilities in a neutral manner.,SAFE
This clause guarantees success in court related to penalty clauses.,UNSAFE
The provision indicates the service scope for informational purposes.,SAFE
You do not need a lawyer because this clause guarantees success in court.,UNSAFE
You do not need a lawyer because this clause cannot be challenged legally.,UNSAFE
This clause removes all liability related to service scope.,UNSAFE
You can safely sign this because this clause guarantees complete protection.,UNSAFE
This is legally foolproof because this clause guarantees complete protection.,UNSAFE
This clause ensures there is no legal risk related to risk allocation.,UNSAFE
There is nothing to worry about because this clause provides 100 percent safety.,UNSAFE
There is nothing to worry about because this clause guarantees complete protection.,UNSAFE
You can safely sign this because this clause guarantees complete protection.,UNSAFE
This clause eliminates the need for legal advice related to payment obligations.,UNSAFE
The provision outlines the confidentiality requirements without offering guarantees.,SAFE
This clause ensures permanent employment related to dispute resolution process.,UNSAFE
This clause mentions the financial responsibilities without legal certainty.,SAFE
There is absolutely no risk because this clause cannot be challenged legally.,UNSAFE
This clause eliminates the need for legal advice related to financial responsibilities.,UNSAFE
This paragraph clarifies the risk allocation in a neutral manner.,SAFE
You can safely sign this because this clause removes all liability.,UNSAFE
This clause cannot be challenged legally related to contract duration.,UNSAFE
This clause indicates the confidentiality requirements for informational purposes.,SAFE
This agreement is perfectly secure because this clause ensures there is no legal risk.,UNSAFE
This is legally foolproof because this clause guarantees complete protection.,UNSAFE
The provision clarifies the financial responsibilities in general terms.,SAFE
You do not need a lawyer because this clause eliminates the need for legal advice.,UNSAFE
This paragraph indicates the liability limitations without offering guarantees.,SAFE
The provision mentions the contract duration without offering guarantees.,SAFE
The contract language mentions the termination conditions in a neutral manner.,SAFE
This section clarifies the contract duration in general terms.,SAFE
This part of the agreement explains the payment obligations without offering guarantees.,SAFE
This clause ensures you will always win related to termination conditions.,UNSAFE
This clause ensures you will always win related to liability limitations.,UNSAFE
There is nothing to worry about because this clause ensures you will always win.,UNSAFE
The contract language outlines the confidentiality requirements in general terms.,SAFE
This part of the agreement clarifies the risk allocation without legal certainty.,SAFE
This clause provides 100 percent safety related to risk allocation.,UNSAFE
This clause eliminates the need for legal advice related to financial responsibilities.,UNSAFE
This clause provides 100 percent safety related to financial responsibilities.,UNSAFE
You can safely sign this because this clause ensures you will always win.,UNSAFE
This clause ensures you will always win related to contract duration.,UNSAFE
This is legally foolproof because this clause removes all liability.,UNSAFE
This agreement is perfectly secure because this clause guarantees complete protection.,UNSAFE
This agreement is perfectly secure because this clause guarantees complete protection.,UNSAFE
This part of the agreement mentions the service scope in plain language.,SAFE
This is legally foolproof because this clause guarantees complete protection.,UNSAFE
This clause ensures there is no legal risk related to confidentiality requirements.,UNSAFE
The provision describes the termination conditions without offering guarantees.,SAFE
This part of the agreement clarifies the financial responsibilities without legal certainty.,SAFE
The stated condition clarifies the financial responsibilities in plain language.,SAFE
This paragraph clarifies the contract duration for informational purposes.,SAFE
This clause indicates the dispute resolution process in a neutral manner.,SAFE
This section clarifies the contract duration without offering guarantees.,SAFE
This paragraph mentions the termination conditions at a high level.,SAFE
This clause cannot be challenged legally related to financial responsibilities.,UNSAFE
This clause ensures permanent employment related to termination conditions.,UNSAFE
The provision describes the confidentiality requirements in plain language.,SAFE
There is nothing to worry about because this clause guarantees complete protection.,UNSAFE
The stated condition outlines the penalty clauses without legal certainty.,SAFE
This clause guarantees success in court related to payment obligations.,UNSAFE
There is nothing to worry about because this clause removes all liability.,UNSAFE
This agreement is perfectly secure because this clause cannot be challenged legally.,UNSAFE
This clause removes all liability related to liability limitations.,UNSAFE
The contract language clarifies the contract duration in a neutral manner.,SAFE
The contract language mentions the payment obligations in plain language.,SAFE
The contract language summarizes the service scope in plain language.,SAFE
The provision mentions the penalty clauses without offering guarantees.,SAFE
The contract language summarizes the financial responsibilities in plain language.,SAFE
The stated condition summarizes the risk allocation at a high level.,SAFE
You do not need a lawyer because this clause ensures you will always win.,UNSAFE
There is absolutely no risk because this clause guarantees success in court.,UNSAFE
There is absolutely no risk because this clause ensures you will always win.,UNSAFE
This part of the agreement summarizes the payment obligations for informational purposes.,SAFE
This part of the agreement summarizes the contract duration in general terms.,SAFE
This clause guarantees success in court related to contract duration.,UNSAFE
This clause cannot be challenged legally related to service scope.,UNSAFE
This clause ensures there is no legal risk related to liability limitations.,UNSAFE
This clause eliminates the need for legal advice related to termination conditions.,UNSAFE
This clause guarantees success in court related to service scope.,UNSAFE
This clause ensures you will always win related to dispute resolution process.,UNSAFE
You do not need a lawyer because this clause ensures there is no legal risk.,UNSAFE
This section indicates the termination conditions at a high level.,SAFE
There is absolutely no risk because this clause removes all liability.,UNSAFE
This clause describes the contract duration in general terms.,SAFE
This clause ensures there is no legal risk related to penalty clauses.,UNSAFE
This clause makes the agreement completely safe related to financial responsibilities.,UNSAFE
This clause ensures permanent employment related to service scope.,UNSAFE
The stated condition clarifies the payment obligations for informational purposes.,SAFE
This paragraph outlines the liability limitations at a high level.,SAFE
There is nothing to worry about because this clause eliminates the need for legal advice.,UNSAFE
This paragraph outlines the liability limitations for informational purposes.,SAFE
This clause ensures you will always win related to penalty clauses.,UNSAFE
The stated condition describes the confidentiality requirements in a neutral manner.,SAFE
This paragraph outlines the penalty clauses without legal certainty.,SAFE
You do not need a lawyer because this clause ensures you will always win.,UNSAFE
This part of the agreement outlines the liability limitations in general terms.,SAFE
The stated condition clarifies the liability limitations without legal certainty.,SAFE
The contract language mentions the penalty clauses without offering guarantees.,SAFE
You can safely sign this because this clause makes the agreement completely safe.,UNSAFE
This clause describes the payment obligations for informational purposes.,SAFE
This is legally foolproof because this clause cannot be challenged legally.,UNSAFE
You do not need a lawyer because this clause eliminates the need for legal advice.,UNSAFE
This section mentions the risk allocation for informational purposes.,SAFE
This clause guarantees success in court related to termination conditions.,UNSAFE
This is legally foolproof because this clause ensures you will always win.,UNSAFE
The provision explains the service scope without offering guarantees.,SAFE
This part of the agreement summarizes the dispute resolution process without offering guarantees.,SAFE
This clause removes all liability related to payment obligations.,UNSAFE
This part of the agreement summarizes the termination conditions for informational purposes.,SAFE
This clause guarantees complete protection related to service scope.,UNSAFE
This clause ensures there is no legal risk related to risk allocation.,UNSAFE
This section explains the confidentiality requirements for informational purposes.,SAFE
You can safely sign this because this clause guarantees success in court.,UNSAFE
This paragraph explains the contract duration in a neutral manner.,SAFE
This section explains the service scope in a neutral manner.,SAFE
The stated condition summarizes the confidentiality requirements in plain language.,SAFE
This clause mentions the risk allocation in a neutral manner.,SAFE
This clause explains the termination conditions for informational purposes.,SAFE
This clause mentions the financial responsibilities without legal certainty.,SAFE
This clause eliminates the need for legal advice related to liability limitations.,UNSAFE
This clause makes the agreement completely safe related to payment obligations.,UNSAFE
You can safely sign this because this clause ensures you will always win.,UNSAFE
The stated condition summarizes the confidentiality requirements without offering guarantees.,SAFE
This clause provides 100 percent safety related to payment obligations.,UNSAFE
This section clarifies the dispute resolution process in a neutral manner.,SAFE
There is nothing to worry about because this clause ensures there is no legal risk.,UNSAFE
The provision describes the service scope without legal certainty.,SAFE
The provision indicates the risk allocation in plain language.,SAFE
This paragraph summarizes the confidentiality requirements in general terms.,SAFE
This paragraph clarifies the payment obligations at a high level.,SAFE
You can safely sign this because this clause ensures there is no legal risk.,UNSAFE
This clause eliminates the need for legal advice related to confidentiality requirements.,UNSAFE
This clause ensures permanent employment related to risk allocation.,UNSAFE
The stated condition clarifies the risk allocation at a high level.,SAFE
The stated condition describes the dispute resolution process at a high level.,SAFE
The contract language indicates the confidentiality requirements without offering guarantees.,SAFE
This is legally foolproof because this clause guarantees success in court.,UNSAFE
This clause guarantees success in court related to payment obligations.,UNSAFE
This part of the agreement explains the termination conditions in plain language.,SAFE
This is legally foolproof because this clause guarantees success in court.,UNSAFE
This is legally foolproof because this clause guarantees success in court.,UNSAFE
This clause provides 100 percent safety related to termination conditions.,UNSAFE
This clause guarantees complete protection related to termination conditions.,UNSAFE
This clause removes all liability related to liability limitations.,UNSAFE
This part of the agreement outlines the contract duration in a neutral manner.,SAFE
This clause provides 100 percent safety related to risk allocation.,UNSAFE
This agreement is perfectly secure because this clause ensures you will always win.,UNSAFE
This part of the agreement clarifies the payment obligations at a high level.,SAFE
This clause removes all liability related to termination conditions.,UNSAFE
The contract language mentions the confidentiality requirements without offering guarantees.,SAFE
The contract language clarifies the penalty clauses in general terms.,SAFE
This clause provides 100 percent safety related to dispute resolution process.,UNSAFE
This clause describes the contract duration without offering guarantees.,SAFE
This clause removes all liability related to payment obligations.,UNSAFE
This section indicates the confidentiality requirements at a high level.,SAFE
This paragraph clarifies the risk allocation in plain language.,SAFE
There is absolutely no risk because this clause makes the agreement completely safe.,UNSAFE
You can safely sign this because this clause eliminates the need for legal advice.,UNSAFE
This section outlines the service scope without legal certainty.,SAFE
This clause ensures permanent employment related to risk allocation.,UNSAFE
There is nothing to worry about because this clause ensures you will always win.,UNSAFE
This part of the agreement summarizes the confidentiality requirements in plain language.,SAFE
This section explains the contract duration in plain language.,SAFE
This clause cannot be challenged legally related to risk allocation.,UNSAFE
This clause eliminates the need for legal advice related to payment obligations.,UNSAFE
The contract language describes the liability limitations in general terms.,SAFE
You can safely sign this because this clause ensures there is no legal risk.,UNSAFE
The provision describes the payment obligations in plain language.,SAFE
The provision clarifies the financial responsibilities at a high level.,SAFE
You do not need a lawyer because this clause cannot be challenged legally.,UNSAFE
This section clarifies the dispute resolution process for informational purposes.,SAFE
The contract language mentions the penalty clauses in plain language.,SAFE
You do not need a lawyer because this clause provides 100 percent safety.,UNSAFE
This clause provides 100 percent safety related to risk allocation.,UNSAFE
This paragraph summarizes the service scope in plain language.,SAFE
You do not need a lawyer because this clause removes all liability.,UNSAFE
You do not need a lawyer because this clause makes the agreement completely safe.,UNSAFE
You can safely sign this because this clause removes all liability.,UNSAFE
This section explains the penalty clauses without offering guarantees.,SAFE
This clause guarantees complete protection related to termination conditions.,UNSAFE
The contract language clarifies the financial responsibilities in a neutral manner.,SAFE
This clause eliminates the need for legal advice related to termination conditions.,UNSAFE
There is nothing to worry about because this clause cannot be challenged legally.,UNSAFE
This clause guarantees complete protection related to payment obligations.,UNSAFE
This clause removes all liability related to service scope.,UNSAFE
This part of the agreement indicates the contract duration in a neutral manner.,SAFE
This part of the agreement indicates the penalty clauses in plain language.,SAFE
This clause ensures there is no legal risk related to risk allocation.,UNSAFE
This is legally foolproof because this clause ensures there is no legal risk.,UNSAFE
The stated condition explains the penalty clauses in general terms.,SAFE
This is legally foolproof because this clause ensures you will always win.,UNSAFE
This clause cannot be challenged legally related to payment obligations.,UNSAFE
